№,Название,рейтинг товара в звездах,Ссылка на товар,Дата парсинга страницы,Время парсинга страницы
0,"BISSELL Little Green Mini Portable Carpet and Upholstery Deep Cleaner, Car/Auto Detailer, with HydroRinse Self-Cleaning Tool and 4"" Tough Stain Tool, Tea Green, 4075",4.6,https://www.amazon.com/BISSELL-Upholstery-HydroRinse-Self-Cleaning-4075/dp/B0DJMP6T3N/ref=sr_1_1?dib=eyJ2IjoiMSJ9.jFGf4NNC26m3VY4jpi02TY-P1z3rkwKtvpt9lX7CJalKYCCXot5AUE62VeRgLMJLF-HP1KyFrlBpM8uAA8zx59jr_jEPVZN-MhBOg_UdskKUHLR5Sby39nn7AAtY7fQnVoi0tBzbKylDuB4DXdzdSqoRG7IL54NZNCmGfLlGqaro8sjq9MdB20s1v-4fa0ZW7S7eURjdybCtzfnzFrOlfn_DfEG3yCWBEQ1rPpD67GOKCaDGzMZxTU5fWlUbJleBAcs7fWoCe5X6FMdnWNfgGo26Ip9lOMgojYZ2p9AyaTw.3-Q_LYDycZYbScH19-iMta6dkuEEpiJHA8AwrkO5bnI&dib_tag=se&qid=1760606617&s=vacuums&sr=1-1,2025-10-16,12:24:16.572970
1,"BLACK+DECKER dustbuster AdvancedClean Cordless Handheld Vacuum, Compact Home and Car Vacuum with Crevice Tool (CHV1410L)",4.3,https://www.amazon.com/BLACK-DECKER-Dustbuster-Cordless-CHV1410L/dp/B006LXOJC0/ref=sr_1_2?dib=eyJ2IjoiMSJ9.jFGf4NNC26m3VY4jpi02TY-P1z3rkwKtvpt9lX7CJalKYCCXot5AUE62VeRgLMJLF-HP1KyFrlBpM8uAA8zx59jr_jEPVZN-MhBOg_UdskKUHLR5Sby39nn7AAtY7fQnVoi0tBzbKylDuB4DXdzdSqoRG7IL54NZNCmGfLlGqaro8sjq9MdB20s1v-4fa0ZW7S7eURjdybCtzfnzFrOlfn_DfEG3yCWBEQ1rPpD67GOKCaDGzMZxTU5fWlUbJleBAcs7fWoCe5X6FMdnWNfgGo26Ip9lOMgojYZ2p9AyaTw.3-Q_LYDycZYbScH19-iMta6dkuEEpiJHA8AwrkO5bnI&dib_tag=se&qid=1760606617&s=vacuums&sr=1-2,2025-10-16,12:24:16.573970
2,"BISSELL Little Green Multi-Purpose Portable Carpet and Upholstery Cleaner, Car and Auto Detailer, with Exclusive Specialty Tools, Green, 1400B",4.4,https://www.amazon.com/Bissell-Multi-Purpose-Portable-Upholstery-1400B/dp/B0016HF5GK/ref=sr_1_3?dib=eyJ2IjoiMSJ9.jFGf4NNC26m3VY4jpi02TY-P1z3rkwKtvpt9lX7CJalKYCCXot5AUE62VeRgLMJLF-HP1KyFrlBpM8uAA8zx59jr_jEPVZN-MhBOg_UdskKUHLR5Sby39nn7AAtY7fQnVoi0tBzbKylDuB4DXdzdSqoRG7IL54NZNCmGfLlGqaro8sjq9MdB20s1v-4fa0ZW7S7eURjdybCtzfnzFrOlfn_DfEG3yCWBEQ1rPpD67GOKCaDGzMZxTU5fWlUbJleBAcs7fWoCe5X6FMdnWNfgGo26Ip9lOMgojYZ2p9AyaTw.3-Q_LYDycZYbScH19-iMta6dkuEEpiJHA8AwrkO5bnI&dib_tag=se&qid=1760606617&s=vacuums&sr=1-3,2025-10-16,12:24:16.574965
3,"LEVOIT Cordless Vacuum Cleaner, Stick Vac with Tangle-Resistant Design, Up to 50 Minutes, Powerful Suction, Rechargeable, Lightweight, and Versatile for Carpet, Hard Floor, Pet Hair, LVAC-200",4.3,https://www.amazon.com/LEVOIT-Tangle-Resistant-Rechargeable-Lightweight-Versatile/dp/B0CB6B2JWG/ref=sr_1_4?dib=eyJ2IjoiMSJ9.jFGf4NNC26m3VY4jpi02TY-P1z3rkwKtvpt9lX7CJalKYCCXot5AUE62VeRgLMJLF-HP1KyFrlBpM8uAA8zx59jr_jEPVZN-MhBOg_UdskKUHLR5Sby39nn7AAtY7fQnVoi0tBzbKylDuB4DXdzdSqoRG7IL54NZNCmGfLlGqaro8sjq9MdB20s1v-4fa0ZW7S7eURjdybCtzfnzFrOlfn_DfEG3yCWBEQ1rPpD67GOKCaDGzMZxTU5fWlUbJleBAcs7fWoCe5X6FMdnWNfgGo26Ip9lOMgojYZ2p9AyaTw.3-Q_LYDycZYbScH19-iMta6dkuEEpiJHA8AwrkO5bnI&dib_tag=se&qid=1760606617&s=vacuums&sr=1-4,2025-10-16,12:24:16.575962
4,"Dyson V8 Plus Cordless Vacuum, Cleans Hard Floors and Carpets, Detangles, Converts to Handheld, 115AW, 2 Power Modes, Up to 40 Minutes¹",4.1,https://www.amazon.com/Dyson-Cordless-Vacuum-Silver-Nickel/dp/B0CT9552BL/ref=sr_1_5?dib=eyJ2IjoiMSJ9.jFGf4NNC26m3VY4jpi02TY-P1z3rkwKtvpt9lX7CJalKYCCXot5AUE62VeRgLMJLF-HP1KyFrlBpM8uAA8zx59jr_jEPVZN-MhBOg_UdskKUHLR5Sby39nn7AAtY7fQnVoi0tBzbKylDuB4DXdzdSqoRG7IL54NZNCmGfLlGqaro8sjq9MdB20s1v-4fa0ZW7S7eURjdybCtzfnzFrOlfn_DfEG3yCWBEQ1rPpD67GOKCaDGzMZxTU5fWlUbJleBAcs7fWoCe5X6FMdnWNfgGo26Ip9lOMgojYZ2p9AyaTw.3-Q_LYDycZYbScH19-iMta6dkuEEpiJHA8AwrkO5bnI&dib_tag=se&qid=1760606617&s=vacuums&sr=1-5,2025-10-16,12:24:16.575962
5,Shark | Upright Vacuum Cleaner | Navigator Lift-Away | Swivel Steering | HEPA Filter | Vacuum for Pet Hair | Crevice Tool & Dusting Brush Included | For Carpets & Hard Floors | White/Silver | NV356E,4.4,https://www.amazon.com/Shark-Navigator-Lift-Away-Professional-NV356E/dp/B005KMDV9A/ref=sr_1_6?dib=eyJ2IjoiMSJ9.jFGf4NNC26m3VY4jpi02TY-P1z3rkwKtvpt9lX7CJalKYCCXot5AUE62VeRgLMJLF-HP1KyFrlBpM8uAA8zx59jr_jEPVZN-MhBOg_UdskKUHLR5Sby39nn7AAtY7fQnVoi0tBzbKylDuB4DXdzdSqoRG7IL54NZNCmGfLlGqaro8sjq9MdB20s1v-4fa0ZW7S7eURjdybCtzfnzFrOlfn_DfEG3yCWBEQ1rPpD67GOKCaDGzMZxTU5fWlUbJleBAcs7fWoCe5X6FMdnWNfgGo26Ip9lOMgojYZ2p9AyaTw.3-Q_LYDycZYbScH19-iMta6dkuEEpiJHA8AwrkO5bnI&dib_tag=se&qid=1760606617&s=vacuums&sr=1-6,2025-10-16,12:24:16.576959
6,"Shark Steam Pocket Mop with 2 Washable Double-sided Pads, Steam Sanitization, Swivel Steering, Lightweight, Steam Cleaner for Sealed Hard Floors, Hardwood, Marble, Tile, Purple, S3501",4.4,https://www.amazon.com/Shark-Pocket-Cleaner-Steering-S3501/dp/B0028MB3HM/ref=sr_1_7?dib=eyJ2IjoiMSJ9.jFGf4NNC26m3VY4jpi02TY-P1z3rkwKtvpt9lX7CJalKYCCXot5AUE62VeRgLMJLF-HP1KyFrlBpM8uAA8zx59jr_jEPVZN-MhBOg_UdskKUHLR5Sby39nn7AAtY7fQnVoi0tBzbKylDuB4DXdzdSqoRG7IL54NZNCmGfLlGqaro8sjq9MdB20s1v-4fa0ZW7S7eURjdybCtzfnzFrOlfn_DfEG3yCWBEQ1rPpD67GOKCaDGzMZxTU5fWlUbJleBAcs7fWoCe5X6FMdnWNfgGo26Ip9lOMgojYZ2p9AyaTw.3-Q_LYDycZYbScH19-iMta6dkuEEpiJHA8AwrkO5bnI&dib_tag=se&qid=1760606617&s=vacuums&sr=1-7,2025-10-16,12:24:16.577957
7,"Eureka NES215A Blaze 3-in-1 Swivel Handheld & Stick Vacuum Cleaner, Blue",4.2,https://www.amazon.com/Eureka-NES215A-Swivel-Handheld-Cleaner/dp/B07NVR2NTT/ref=sr_1_8?dib=eyJ2IjoiMSJ9.jFGf4NNC26m3VY4jpi02TY-P1z3rkwKtvpt9lX7CJalKYCCXot5AUE62VeRgLMJLF-HP1KyFrlBpM8uAA8zx59jr_jEPVZN-MhBOg_UdskKUHLR5Sby39nn7AAtY7fQnVoi0tBzbKylDuB4DXdzdSqoRG7IL54NZNCmGfLlGqaro8sjq9MdB20s1v-4fa0ZW7S7eURjdybCtzfnzFrOlfn_DfEG3yCWBEQ1rPpD67GOKCaDGzMZxTU5fWlUbJleBAcs7fWoCe5X6FMdnWNfgGo26Ip9lOMgojYZ2p9AyaTw.3-Q_LYDycZYbScH19-iMta6dkuEEpiJHA8AwrkO5bnI&dib_tag=se&qid=1760606617&s=vacuums&sr=1-8,2025-10-16,12:24:16.578950
8,"Fanttik Slim V8 APEX Car Vacuum, 4-in-1 Portable Mini Cordless Vacuum with 19000pa Suction Power, Type-C Charge, 2 Suction Modes, Handheld Vacuum for Small Jobs, Car, Office Desk, Keyboards (Black)",4.3,https://www.amazon.com/Fanttik-V8-Apex-Portable-RobustCleanTM/dp/B0CQYTNNW7/ref=sr_1_9?dib=eyJ2IjoiMSJ9.jFGf4NNC26m3VY4jpi02TY-P1z3rkwKtvpt9lX7CJalKYCCXot5AUE62VeRgLMJLF-HP1KyFrlBpM8uAA8zx59jr_jEPVZN-MhBOg_UdskKUHLR5Sby39nn7AAtY7fQnVoi0tBzbKylDuB4DXdzdSqoRG7IL54NZNCmGfLlGqaro8sjq9MdB20s1v-4fa0ZW7S7eURjdybCtzfnzFrOlfn_DfEG3yCWBEQ1rPpD67GOKCaDGzMZxTU5fWlUbJleBAcs7fWoCe5X6FMdnWNfgGo26Ip9lOMgojYZ2p9AyaTw.3-Q_LYDycZYbScH19-iMta6dkuEEpiJHA8AwrkO5bnI&dib_tag=se&qid=1760606617&s=vacuums&sr=1-9,2025-10-16,12:24:16.578950
9,"Eureka Lightweight Powerful Upright Vacuum Cleaner for Carpet and Hard Floor, PowerSpeed, New Model,Blue,black/New Model",4.4,https://www.amazon.com/PowerSpeed-Lightweight-Powerful-Upright-Upgrated/dp/B08MF9HQVX/ref=sr_1_10?dib=eyJ2IjoiMSJ9.jFGf4NNC26m3VY4jpi02TY-P1z3rkwKtvpt9lX7CJalKYCCXot5AUE62VeRgLMJLF-HP1KyFrlBpM8uAA8zx59jr_jEPVZN-MhBOg_UdskKUHLR5Sby39nn7AAtY7fQnVoi0tBzbKylDuB4DXdzdSqoRG7IL54NZNCmGfLlGqaro8sjq9MdB20s1v-4fa0ZW7S7eURjdybCtzfnzFrOlfn_DfEG3yCWBEQ1rPpD67GOKCaDGzMZxTU5fWlUbJleBAcs7fWoCe5X6FMdnWNfgGo26Ip9lOMgojYZ2p9AyaTw.3-Q_LYDycZYbScH19-iMta6dkuEEpiJHA8AwrkO5bnI&dib_tag=se&qid=1760606617&s=vacuums&sr=1-10,2025-10-16,12:24:16.579951
10,"iRobot Authentic Replacement Parts - Replenishment Kit for Roomba e, i, and j Series and Roomba Combo i5 and j5 Series, Not Compatible with Combo j7+ or Combo j9+",4.6,https://www.amazon.com/iRobot-Roomba-Authentic-Replacement-Parts/dp/B09CV3QGF2/ref=sr_1_11?dib=eyJ2IjoiMSJ9.jFGf4NNC26m3VY4jpi02TY-P1z3rkwKtvpt9lX7CJalKYCCXot5AUE62VeRgLMJLF-HP1KyFrlBpM8uAA8zx59jr_jEPVZN-MhBOg_UdskKUHLR5Sby39nn7AAtY7fQnVoi0tBzbKylDuB4DXdzdSqoRG7IL54NZNCmGfLlGqaro8sjq9MdB20s1v-4fa0ZW7S7eURjdybCtzfnzFrOlfn_DfEG3yCWBEQ1rPpD67GOKCaDGzMZxTU5fWlUbJleBAcs7fWoCe5X6FMdnWNfgGo26Ip9lOMgojYZ2p9AyaTw.3-Q_LYDycZYbScH19-iMta6dkuEEpiJHA8AwrkO5bnI&dib_tag=se&qid=1760606617&s=vacuums&sr=1-11,2025-10-16,12:24:16.580924
11,"Bissell Crosswave Turbo Vacuum Mop All in One Wet and Dry Vac Combo Hard Floor & Area Rug Cleaner, 3888A",4.2,https://www.amazon.com/BISSELL-CrossWave-Cleaner-Wet-Dry-3888A/dp/B0C9V48DDZ/ref=sr_1_12?dib=eyJ2IjoiMSJ9.jFGf4NNC26m3VY4jpi02TY-P1z3rkwKtvpt9lX7CJalKYCCXot5AUE62VeRgLMJLF-HP1KyFrlBpM8uAA8zx59jr_jEPVZN-MhBOg_UdskKUHLR5Sby39nn7AAtY7fQnVoi0tBzbKylDuB4DXdzdSqoRG7IL54NZNCmGfLlGqaro8sjq9MdB20s1v-4fa0ZW7S7eURjdybCtzfnzFrOlfn_DfEG3yCWBEQ1rPpD67GOKCaDGzMZxTU5fWlUbJleBAcs7fWoCe5X6FMdnWNfgGo26Ip9lOMgojYZ2p9AyaTw.3-Q_LYDycZYbScH19-iMta6dkuEEpiJHA8AwrkO5bnI&dib_tag=se&qid=1760606617&s=vacuums&sr=1-12,2025-10-16,12:24:16.581921
12,"Eureka 3670M Canister Cleaner, Lightweight Powerful Vacuum for Carpets and Hard floors, w/ 5bags,Yellow",4.3,https://www.amazon.com/Eureka-3670M-Mighty-Canister-Cleaner/dp/B08671LHZB/ref=sr_1_13?dib=eyJ2IjoiMSJ9.jFGf4NNC26m3VY4jpi02TY-P1z3rkwKtvpt9lX7CJalKYCCXot5AUE62VeRgLMJLF-HP1KyFrlBpM8uAA8zx59jr_jEPVZN-MhBOg_UdskKUHLR5Sby39nn7AAtY7fQnVoi0tBzbKylDuB4DXdzdSqoRG7IL54NZNCmGfLlGqaro8sjq9MdB20s1v-4fa0ZW7S7eURjdybCtzfnzFrOlfn_DfEG3yCWBEQ1rPpD67GOKCaDGzMZxTU5fWlUbJleBAcs7fWoCe5X6FMdnWNfgGo26Ip9lOMgojYZ2p9AyaTw.3-Q_LYDycZYbScH19-iMta6dkuEEpiJHA8AwrkO5bnI&dib_tag=se&qid=1760606617&s=vacuums&sr=1-13,2025-10-16,12:24:16.582944
13,"Shark AI Ultra Voice Control Robot Vacuum with Matrix Clean Navigation, Home Mapping, 60-Day Capacity, XL Self-Empty Base for Homes with Pets, Carpet & Hard Floors, Cool Grey",4.1,https://www.amazon.com/Shark-AV2511AE-Self-Empty-Capacity-Navigation/dp/B09T4YZGQR/ref=sr_1_14?dib=eyJ2IjoiMSJ9.jFGf4NNC26m3VY4jpi02TY-P1z3rkwKtvpt9lX7CJalKYCCXot5AUE62VeRgLMJLF-HP1KyFrlBpM8uAA8zx59jr_jEPVZN-MhBOg_UdskKUHLR5Sby39nn7AAtY7fQnVoi0tBzbKylDuB4DXdzdSqoRG7IL54NZNCmGfLlGqaro8sjq9MdB20s1v-4fa0ZW7S7eURjdybCtzfnzFrOlfn_DfEG3yCWBEQ1rPpD67GOKCaDGzMZxTU5fWlUbJleBAcs7fWoCe5X6FMdnWNfgGo26Ip9lOMgojYZ2p9AyaTw.3-Q_LYDycZYbScH19-iMta6dkuEEpiJHA8AwrkO5bnI&dib_tag=se&qid=1760606617&s=vacuums&sr=1-14,2025-10-16,12:24:16.582944
14,"Hoover CleanSlate Plus Portable Carpet + Upholstery Spot Cleaner Machine, Powerful Suction with Versatile Tools, Pet Stain Remover, Car and Auto Detailer, Pair with Hoover Carpet Cleaner Solution",4.3,https://www.amazon.com/Hoover-CleanSlate-Upholstery-Portable-FH14050/dp/B098JYFGWS/ref=sr_1_15?dib=eyJ2IjoiMSJ9.jFGf4NNC26m3VY4jpi02TY-P1z3rkwKtvpt9lX7CJalKYCCXot5AUE62VeRgLMJLF-HP1KyFrlBpM8uAA8zx59jr_jEPVZN-MhBOg_UdskKUHLR5Sby39nn7AAtY7fQnVoi0tBzbKylDuB4DXdzdSqoRG7IL54NZNCmGfLlGqaro8sjq9MdB20s1v-4fa0ZW7S7eURjdybCtzfnzFrOlfn_DfEG3yCWBEQ1rPpD67GOKCaDGzMZxTU5fWlUbJleBAcs7fWoCe5X6FMdnWNfgGo26Ip9lOMgojYZ2p9AyaTw.3-Q_LYDycZYbScH19-iMta6dkuEEpiJHA8AwrkO5bnI&dib_tag=se&qid=1760606617&s=vacuums&sr=1-15,2025-10-16,12:24:16.583941
15,"Eureka WhirlWind Bagless Canister 2.5L Vacuum Cleaner, Lightweight Vac for Carpets and Hard Floors, NEN110A, Blue",4.2,https://www.amazon.com/Eureka-Whirlwind-Canister-NEN110A-Lightweight/dp/B07GB4S9H5/ref=sr_1_16?dib=eyJ2IjoiMSJ9.jFGf4NNC26m3VY4jpi02TY-P1z3rkwKtvpt9lX7CJalKYCCXot5AUE62VeRgLMJLF-HP1KyFrlBpM8uAA8zx59jr_jEPVZN-MhBOg_UdskKUHLR5Sby39nn7AAtY7fQnVoi0tBzbKylDuB4DXdzdSqoRG7IL54NZNCmGfLlGqaro8sjq9MdB20s1v-4fa0ZW7S7eURjdybCtzfnzFrOlfn_DfEG3yCWBEQ1rPpD67GOKCaDGzMZxTU5fWlUbJleBAcs7fWoCe5X6FMdnWNfgGo26Ip9lOMgojYZ2p9AyaTw.3-Q_LYDycZYbScH19-iMta6dkuEEpiJHA8AwrkO5bnI&dib_tag=se&qid=1760606617&s=vacuums&sr=1-16,2025-10-16,12:24:16.584940
16,"Bissell Featherweight Stick Lightweight Bagless Vacuum with Crevice Tool, 2033, One Size Fits All, Blue",4.2,https://www.amazon.com/Bissell-Featherweight-Lightweight-Bagless-2033/dp/B06ZY7BTWM/ref=sr_1_17?dib=eyJ2IjoiMSJ9.jFGf4NNC26m3VY4jpi02TY-P1z3rkwKtvpt9lX7CJalKYCCXot5AUE62VeRgLMJLF-HP1KyFrlBpM8uAA8zx59jr_jEPVZN-MhBOg_UdskKUHLR5Sby39nn7AAtY7fQnVoi0tBzbKylDuB4DXdzdSqoRG7IL54NZNCmGfLlGqaro8sjq9MdB20s1v-4fa0ZW7S7eURjdybCtzfnzFrOlfn_DfEG3yCWBEQ1rPpD67GOKCaDGzMZxTU5fWlUbJleBAcs7fWoCe5X6FMdnWNfgGo26Ip9lOMgojYZ2p9AyaTw.3-Q_LYDycZYbScH19-iMta6dkuEEpiJHA8AwrkO5bnI&dib_tag=se&qid=1760606617&s=vacuums&sr=1-17,2025-10-16,12:24:16.585936
17,"Eureka Blaze Stick Vacuum Cleaner, Powerful Suction 3-in-1 Small Handheld Vac with Filter for Hard Floor Lightweight Upright Home Pet Hair, Dark Black",4.1,https://www.amazon.com/Eureka-Powerful-Suction-Multi-Surfaces-Handheld/dp/B075P7J8BB/ref=sr_1_18?dib=eyJ2IjoiMSJ9.jFGf4NNC26m3VY4jpi02TY-P1z3rkwKtvpt9lX7CJalKYCCXot5AUE62VeRgLMJLF-HP1KyFrlBpM8uAA8zx59jr_jEPVZN-MhBOg_UdskKUHLR5Sby39nn7AAtY7fQnVoi0tBzbKylDuB4DXdzdSqoRG7IL54NZNCmGfLlGqaro8sjq9MdB20s1v-4fa0ZW7S7eURjdybCtzfnzFrOlfn_DfEG3yCWBEQ1rPpD67GOKCaDGzMZxTU5fWlUbJleBAcs7fWoCe5X6FMdnWNfgGo26Ip9lOMgojYZ2p9AyaTw.3-Q_LYDycZYbScH19-iMta6dkuEEpiJHA8AwrkO5bnI&dib_tag=se&qid=1760606617&s=vacuums&sr=1-18,2025-10-16,12:24:16.585936
18,"Shark UltraCyclone Pet Pro Plus Cordless Hand Vacuum, Powerful Suction, Handheld Vacuum for Car & Home, Pet Power Brush, Crevice Tool, Scrubbing Brush, XL Dust Cup, Black, CH951",4.2,https://www.amazon.com/Shark-CH951-UltraCyclone-Cordless-Handheld/dp/B08559H8W2/ref=sr_1_19?dib=eyJ2IjoiMSJ9.jFGf4NNC26m3VY4jpi02TY-P1z3rkwKtvpt9lX7CJalKYCCXot5AUE62VeRgLMJLF-HP1KyFrlBpM8uAA8zx59jr_jEPVZN-MhBOg_UdskKUHLR5Sby39nn7AAtY7fQnVoi0tBzbKylDuB4DXdzdSqoRG7IL54NZNCmGfLlGqaro8sjq9MdB20s1v-4fa0ZW7S7eURjdybCtzfnzFrOlfn_DfEG3yCWBEQ1rPpD67GOKCaDGzMZxTU5fWlUbJleBAcs7fWoCe5X6FMdnWNfgGo26Ip9lOMgojYZ2p9AyaTw.3-Q_LYDycZYbScH19-iMta6dkuEEpiJHA8AwrkO5bnI&dib_tag=se&qid=1760606617&s=vacuums&sr=1-19,2025-10-16,12:24:16.586933
19,"BISSELL ProHeat 2X Revolution Pet Pro Plus, 3588F, Upright Deep Cleaner, 30-minute Dry Time, Dual Dirt Lifter Powerbrush, Hose & Tool Attachment, Pet Upholstery and Tough Stain Tool Included",4.4,https://www.amazon.com/BISSELL-ProHeat-Revolution-3588F-Upright/dp/B0B94P5LDK/ref=sr_1_20?dib=eyJ2IjoiMSJ9.jFGf4NNC26m3VY4jpi02TY-P1z3rkwKtvpt9lX7CJalKYCCXot5AUE62VeRgLMJLF-HP1KyFrlBpM8uAA8zx59jr_jEPVZN-MhBOg_UdskKUHLR5Sby39nn7AAtY7fQnVoi0tBzbKylDuB4DXdzdSqoRG7IL54NZNCmGfLlGqaro8sjq9MdB20s1v-4fa0ZW7S7eURjdybCtzfnzFrOlfn_DfEG3yCWBEQ1rPpD67GOKCaDGzMZxTU5fWlUbJleBAcs7fWoCe5X6FMdnWNfgGo26Ip9lOMgojYZ2p9AyaTw.3-Q_LYDycZYbScH19-iMta6dkuEEpiJHA8AwrkO5bnI&dib_tag=se&qid=1760606617&s=vacuums&sr=1-20,2025-10-16,12:24:16.587930
20,"Eureka RapidClean Pro NEC280TL Cordless Stick Vacuum Cleaner – Lightweight 5.3 lbs, 40-Min Runtime, LED Headlights, 3 Power Modes, Ideal for Pet Hair, Hard Floors & Carpets",4.1,https://www.amazon.com/Eureka-RapidClean-Lightweight-Headlights-NEC280TL/dp/B0CTZSN718/ref=sr_1_21?dib=eyJ2IjoiMSJ9.jFGf4NNC26m3VY4jpi02TY-P1z3rkwKtvpt9lX7CJalKYCCXot5AUE62VeRgLMJLF-HP1KyFrlBpM8uAA8zx59jr_jEPVZN-MhBOg_UdskKUHLR5Sby39nn7AAtY7fQnVoi0tBzbKylDuB4DXdzdSqoRG7IL54NZNCmGfLlGqaro8sjq9MdB20s1v-4fa0ZW7S7eURjdybCtzfnzFrOlfn_DfEG3yCWBEQ1rPpD67GOKCaDGzMZxTU5fWlUbJleBAcs7fWoCe5X6FMdnWNfgGo26Ip9lOMgojYZ2p9AyaTw.3-Q_LYDycZYbScH19-iMta6dkuEEpiJHA8AwrkO5bnI&dib_tag=se&qid=1760606617&s=vacuums&sr=1-21,2025-10-16,12:24:16.587930
21,"Bissell Power Fresh Steam Mop with Natural Sanitization, Floor Steamer, Tile Cleaner, and Hard Wood Floor Cleaner with Flip-Down Easy Scrubber, 1940A",4.5,https://www.amazon.com/Bissell-Sanitization-Flip-Down-Scrubber-1940A/dp/B0091YYUAM/ref=sr_1_22?dib=eyJ2IjoiMSJ9.jFGf4NNC26m3VY4jpi02TY-P1z3rkwKtvpt9lX7CJalKYCCXot5AUE62VeRgLMJLF-HP1KyFrlBpM8uAA8zx59jr_jEPVZN-MhBOg_UdskKUHLR5Sby39nn7AAtY7fQnVoi0tBzbKylDuB4DXdzdSqoRG7IL54NZNCmGfLlGqaro8sjq9MdB20s1v-4fa0ZW7S7eURjdybCtzfnzFrOlfn_DfEG3yCWBEQ1rPpD67GOKCaDGzMZxTU5fWlUbJleBAcs7fWoCe5X6FMdnWNfgGo26Ip9lOMgojYZ2p9AyaTw.3-Q_LYDycZYbScH19-iMta6dkuEEpiJHA8AwrkO5bnI&dib_tag=se&qid=1760606617&s=vacuums&sr=1-22,2025-10-16,12:24:16.588927
22,"DEWALT 20V Vacuum, Cordless Handheld Vacuum, HEPA, Battery Not Included (DCV501HB)",4.7,https://www.amazon.com/DEWALT-Cordless-Handheld-Included-DCV501HB/dp/B09YXZ4L8T/ref=sr_1_23?dib=eyJ2IjoiMSJ9.jFGf4NNC26m3VY4jpi02TY-P1z3rkwKtvpt9lX7CJalKYCCXot5AUE62VeRgLMJLF-HP1KyFrlBpM8uAA8zx59jr_jEPVZN-MhBOg_UdskKUHLR5Sby39nn7AAtY7fQnVoi0tBzbKylDuB4DXdzdSqoRG7IL54NZNCmGfLlGqaro8sjq9MdB20s1v-4fa0ZW7S7eURjdybCtzfnzFrOlfn_DfEG3yCWBEQ1rPpD67GOKCaDGzMZxTU5fWlUbJleBAcs7fWoCe5X6FMdnWNfgGo26Ip9lOMgojYZ2p9AyaTw.3-Q_LYDycZYbScH19-iMta6dkuEEpiJHA8AwrkO5bnI&dib_tag=se&qid=1760606617&s=vacuums&sr=1-23,2025-10-16,12:24:16.589925
23,"Bissell Natural Sweep Carpet and Floor Sweeper with Dual Brush Rotating System and 2 Corner Edge Brushes, 92N0A, 4.2 lb.",4.1,https://www.amazon.com/Bissell-Natural-Sweeper-Rotating-Brushes/dp/B001GL1NXU/ref=sr_1_24?dib=eyJ2IjoiMSJ9.jFGf4NNC26m3VY4jpi02TY-P1z3rkwKtvpt9lX7CJalKYCCXot5AUE62VeRgLMJLF-HP1KyFrlBpM8uAA8zx59jr_jEPVZN-MhBOg_UdskKUHLR5Sby39nn7AAtY7fQnVoi0tBzbKylDuB4DXdzdSqoRG7IL54NZNCmGfLlGqaro8sjq9MdB20s1v-4fa0ZW7S7eURjdybCtzfnzFrOlfn_DfEG3yCWBEQ1rPpD67GOKCaDGzMZxTU5fWlUbJleBAcs7fWoCe5X6FMdnWNfgGo26Ip9lOMgojYZ2p9AyaTw.3-Q_LYDycZYbScH19-iMta6dkuEEpiJHA8AwrkO5bnI&dib_tag=se&qid=1760606617&s=vacuums&sr=1-24,2025-10-16,12:24:16.590918
24,"BISSELL Little Green HydroSteam Multi-Purpose Portable Carpet and Upholstery Cleaner, Car and Auto Detailer, 3618",4.4,https://www.amazon.com/HydroSteam-Multi-Purpose-Portable-Upholstery-3618/dp/B0C9V4L32W/ref=sr_1_25?dib=eyJ2IjoiMSJ9.8yoabsdJ8ZAOdPmB0HNWOGN3QWAuS92YOhAMXLN62UfKTxIUoBdmRZtpPq8YmwEwSFQYKGCC8rWyvK_3dASvbqSXq0tp6M1VZz_XxHBEbkcuqiFKpwmG8Zx9lwvscIQgcqtkkRwNhj1-hnG7VOkG9bVW_1UgwAYY-CoWf_XE75bbMBuamaTYMOV01XUKtA9eKPrj44sXnKdzK7hWaPKaWOvjjo3z7a8Gsa5csuTL_7G5XVxJMTnL7gxdoP4HybwwMRQWidaDBVYJfGe9yMzULLylhOdMJIO8W2Z3xPzKPOw.hlju8Jh2z0Qfcqbv2LXOTvz7hCMXP9KJtlnQRd2eRTk&dib_tag=se&qid=1760606668&s=vacuums&sr=1-25,2025-10-16,12:25:17.984164
25,"BISSELL EUCALYPTUS MINT DEMINERALIZED STEAM MOP WATER, 32 ounces, 1392, WHITE",4.5,https://www.amazon.com/BISSELL-EUCALYPTUS-DEMINERALIZED-ounces-1392/dp/B00IRJ1DQ6/ref=sr_1_26?dib=eyJ2IjoiMSJ9.8yoabsdJ8ZAOdPmB0HNWOGN3QWAuS92YOhAMXLN62UfKTxIUoBdmRZtpPq8YmwEwSFQYKGCC8rWyvK_3dASvbqSXq0tp6M1VZz_XxHBEbkcuqiFKpwmG8Zx9lwvscIQgcqtkkRwNhj1-hnG7VOkG9bVW_1UgwAYY-CoWf_XE75bbMBuamaTYMOV01XUKtA9eKPrj44sXnKdzK7hWaPKaWOvjjo3z7a8Gsa5csuTL_7G5XVxJMTnL7gxdoP4HybwwMRQWidaDBVYJfGe9yMzULLylhOdMJIO8W2Z3xPzKPOw.hlju8Jh2z0Qfcqbv2LXOTvz7hCMXP9KJtlnQRd2eRTk&dib_tag=se&qid=1760606668&s=vacuums&sr=1-26,2025-10-16,12:25:17.986133
26,BISSELL SpinWave SmartSteam Scrubbing Steam Mop with Rotating Mop Pads,4.1,https://www.amazon.com/BISSELL-SpinWave-SmartSteam-Scrubbing-Rotating/dp/B0CJ4F8WYK/ref=sr_1_27?dib=eyJ2IjoiMSJ9.8yoabsdJ8ZAOdPmB0HNWOGN3QWAuS92YOhAMXLN62UfKTxIUoBdmRZtpPq8YmwEwSFQYKGCC8rWyvK_3dASvbqSXq0tp6M1VZz_XxHBEbkcuqiFKpwmG8Zx9lwvscIQgcqtkkRwNhj1-hnG7VOkG9bVW_1UgwAYY-CoWf_XE75bbMBuamaTYMOV01XUKtA9eKPrj44sXnKdzK7hWaPKaWOvjjo3z7a8Gsa5csuTL_7G5XVxJMTnL7gxdoP4HybwwMRQWidaDBVYJfGe9yMzULLylhOdMJIO8W2Z3xPzKPOw.hlju8Jh2z0Qfcqbv2LXOTvz7hCMXP9KJtlnQRd2eRTk&dib_tag=se&qid=1760606668&s=vacuums&sr=1-27,2025-10-16,12:25:17.987130
27,"Hoover PowerDash Pet Compact Carpet Cleaner Machine, Lightweight Shampooer Machine, Pair with a Hoover Carpet Cleaner Solution for a Bright, Refreshed Home",4.4,https://www.amazon.com/Hoover-PowerDash-Carpet-Cleaner-FH50700/dp/B078YZ586K/ref=sr_1_28?dib=eyJ2IjoiMSJ9.8yoabsdJ8ZAOdPmB0HNWOGN3QWAuS92YOhAMXLN62UfKTxIUoBdmRZtpPq8YmwEwSFQYKGCC8rWyvK_3dASvbqSXq0tp6M1VZz_XxHBEbkcuqiFKpwmG8Zx9lwvscIQgcqtkkRwNhj1-hnG7VOkG9bVW_1UgwAYY-CoWf_XE75bbMBuamaTYMOV01XUKtA9eKPrj44sXnKdzK7hWaPKaWOvjjo3z7a8Gsa5csuTL_7G5XVxJMTnL7gxdoP4HybwwMRQWidaDBVYJfGe9yMzULLylhOdMJIO8W2Z3xPzKPOw.hlju8Jh2z0Qfcqbv2LXOTvz7hCMXP9KJtlnQRd2eRTk&dib_tag=se&qid=1760606668&s=vacuums&sr=1-28,2025-10-16,12:25:17.988127
28,"Shark PowerDetect Pet Plus Clean & Empty Cordless Stick Vacuum & Auto-Empty System, Powerful Suction, HEPA Filtration, Carpet & Hard Floor, Portable, Stick Vacuum for Pet Hair, Dark Gray, IP3253",4.2,https://www.amazon.com/Shark-PowerDetect-Auto-Empty-Filtration-IP3253/dp/B0DW237ZLB/ref=sr_1_29?dib=eyJ2IjoiMSJ9.8yoabsdJ8ZAOdPmB0HNWOGN3QWAuS92YOhAMXLN62UfKTxIUoBdmRZtpPq8YmwEwSFQYKGCC8rWyvK_3dASvbqSXq0tp6M1VZz_XxHBEbkcuqiFKpwmG8Zx9lwvscIQgcqtkkRwNhj1-hnG7VOkG9bVW_1UgwAYY-CoWf_XE75bbMBuamaTYMOV01XUKtA9eKPrj44sXnKdzK7hWaPKaWOvjjo3z7a8Gsa5csuTL_7G5XVxJMTnL7gxdoP4HybwwMRQWidaDBVYJfGe9yMzULLylhOdMJIO8W2Z3xPzKPOw.hlju8Jh2z0Qfcqbv2LXOTvz7hCMXP9KJtlnQRd2eRTk&dib_tag=se&qid=1760606668&s=vacuums&sr=1-29,2025-10-16,12:25:17.989125
29,"Eureka Airspeed Ultra-Lightweight Compact Bagless Upright Vacuum Cleaner, NEU10AE4, Green",4.2,https://www.amazon.com/EUREKA-Airspeed-Ultra-Lightweight-Compact-Replacement/dp/B083JBZXYS/ref=sr_1_30?dib=eyJ2IjoiMSJ9.8yoabsdJ8ZAOdPmB0HNWOGN3QWAuS92YOhAMXLN62UfKTxIUoBdmRZtpPq8YmwEwSFQYKGCC8rWyvK_3dASvbqSXq0tp6M1VZz_XxHBEbkcuqiFKpwmG8Zx9lwvscIQgcqtkkRwNhj1-hnG7VOkG9bVW_1UgwAYY-CoWf_XE75bbMBuamaTYMOV01XUKtA9eKPrj44sXnKdzK7hWaPKaWOvjjo3z7a8Gsa5csuTL_7G5XVxJMTnL7gxdoP4HybwwMRQWidaDBVYJfGe9yMzULLylhOdMJIO8W2Z3xPzKPOw.hlju8Jh2z0Qfcqbv2LXOTvz7hCMXP9KJtlnQRd2eRTk&dib_tag=se&qid=1760606668&s=vacuums&sr=1-30,2025-10-16,12:25:17.990122
30,"Oreck Commercial XL Vacuum Cleaner, Bagged Upright Vac for Carpets and Hard Floor, Lightweight, Automatic Height Adjust, High-Speed Brush Roll, Powerful Vacuum Cleaners for Commercial Use",4.2,https://www.amazon.com/Oreck-Commercial-Upright-Cleaner-XL2100RHS/dp/B001NDNV18/ref=sr_1_31?dib=eyJ2IjoiMSJ9.8yoabsdJ8ZAOdPmB0HNWOGN3QWAuS92YOhAMXLN62UfKTxIUoBdmRZtpPq8YmwEwSFQYKGCC8rWyvK_3dASvbqSXq0tp6M1VZz_XxHBEbkcuqiFKpwmG8Zx9lwvscIQgcqtkkRwNhj1-hnG7VOkG9bVW_1UgwAYY-CoWf_XE75bbMBuamaTYMOV01XUKtA9eKPrj44sXnKdzK7hWaPKaWOvjjo3z7a8Gsa5csuTL_7G5XVxJMTnL7gxdoP4HybwwMRQWidaDBVYJfGe9yMzULLylhOdMJIO8W2Z3xPzKPOw.hlju8Jh2z0Qfcqbv2LXOTvz7hCMXP9KJtlnQRd2eRTk&dib_tag=se&qid=1760606668&s=vacuums&sr=1-31,2025-10-16,12:25:17.991118
31,"ECOVACS Multi-Surface Floor Cleaning Solution, Compatible with DEEBOT T30S COMBO / T30S / X2 COMBO/ X2 OMNI/ T20 OMNI / X1 OMNI / X1 TURBO / T10 OMNI, 1L",4.5,https://www.amazon.com/ECOVACS-Multi-Surface-Cleaning-Solution-Compatible/dp/B0BCF8N3B4/ref=sr_1_32?dib=eyJ2IjoiMSJ9.8yoabsdJ8ZAOdPmB0HNWOGN3QWAuS92YOhAMXLN62UfKTxIUoBdmRZtpPq8YmwEwSFQYKGCC8rWyvK_3dASvbqSXq0tp6M1VZz_XxHBEbkcuqiFKpwmG8Zx9lwvscIQgcqtkkRwNhj1-hnG7VOkG9bVW_1UgwAYY-CoWf_XE75bbMBuamaTYMOV01XUKtA9eKPrj44sXnKdzK7hWaPKaWOvjjo3z7a8Gsa5csuTL_7G5XVxJMTnL7gxdoP4HybwwMRQWidaDBVYJfGe9yMzULLylhOdMJIO8W2Z3xPzKPOw.hlju8Jh2z0Qfcqbv2LXOTvz7hCMXP9KJtlnQRd2eRTk&dib_tag=se&qid=1760606668&s=vacuums&sr=1-32,2025-10-16,12:25:17.993112
32,"LABIGO 10-in-1 Steam Mop with Detachable Handheld Steamer, 350ml Tank, 10s Heat-Up, 248°F Steam Cleaner, 2-Level Control and Swivel Head for Floors, Carpets, Tiles, BBQ grill and Multi-Surface",4.4,https://www.amazon.com/LABIGO-Detachable-Handheld-Steamer-Heat-Up/dp/B0DXKW5FZ4/ref=sr_1_33?dib=eyJ2IjoiMSJ9.8yoabsdJ8ZAOdPmB0HNWOGN3QWAuS92YOhAMXLN62UfKTxIUoBdmRZtpPq8YmwEwSFQYKGCC8rWyvK_3dASvbqSXq0tp6M1VZz_XxHBEbkcuqiFKpwmG8Zx9lwvscIQgcqtkkRwNhj1-hnG7VOkG9bVW_1UgwAYY-CoWf_XE75bbMBuamaTYMOV01XUKtA9eKPrj44sXnKdzK7hWaPKaWOvjjo3z7a8Gsa5csuTL_7G5XVxJMTnL7gxdoP4HybwwMRQWidaDBVYJfGe9yMzULLylhOdMJIO8W2Z3xPzKPOw.hlju8Jh2z0Qfcqbv2LXOTvz7hCMXP9KJtlnQRd2eRTk&dib_tag=se&qid=1760606668&s=vacuums&sr=1-33,2025-10-16,12:25:17.994110
33,"BLACK+DECKER dustbuster 20V Cordless Handheld Vacuum, Pet Hair Vacuum for Home and Car, Powerful Suction (BDH2000L)",4.4,https://www.amazon.com/BLACK-DECKER-BDH2000L-20-Volt-Cordless/dp/B008R3F0J8/ref=sr_1_34?dib=eyJ2IjoiMSJ9.8yoabsdJ8ZAOdPmB0HNWOGN3QWAuS92YOhAMXLN62UfKTxIUoBdmRZtpPq8YmwEwSFQYKGCC8rWyvK_3dASvbqSXq0tp6M1VZz_XxHBEbkcuqiFKpwmG8Zx9lwvscIQgcqtkkRwNhj1-hnG7VOkG9bVW_1UgwAYY-CoWf_XE75bbMBuamaTYMOV01XUKtA9eKPrj44sXnKdzK7hWaPKaWOvjjo3z7a8Gsa5csuTL_7G5XVxJMTnL7gxdoP4HybwwMRQWidaDBVYJfGe9yMzULLylhOdMJIO8W2Z3xPzKPOw.hlju8Jh2z0Qfcqbv2LXOTvz7hCMXP9KJtlnQRd2eRTk&dib_tag=se&qid=1760606668&s=vacuums&sr=1-34,2025-10-16,12:25:17.995109
34,EnviroCare Replacement Micro Filtration Vacuum Bags made to fit Eureka Style MM Eureka Mighty Mite 3670 and 3680 Series Canisters 9 Bags,4.8,https://www.amazon.com/EnviroCare-Replacement-Vacuum-Eureka-Canisters/dp/B0108L0QHM/ref=sr_1_35?dib=eyJ2IjoiMSJ9.8yoabsdJ8ZAOdPmB0HNWOGN3QWAuS92YOhAMXLN62UfKTxIUoBdmRZtpPq8YmwEwSFQYKGCC8rWyvK_3dASvbqSXq0tp6M1VZz_XxHBEbkcuqiFKpwmG8Zx9lwvscIQgcqtkkRwNhj1-hnG7VOkG9bVW_1UgwAYY-CoWf_XE75bbMBuamaTYMOV01XUKtA9eKPrj44sXnKdzK7hWaPKaWOvjjo3z7a8Gsa5csuTL_7G5XVxJMTnL7gxdoP4HybwwMRQWidaDBVYJfGe9yMzULLylhOdMJIO8W2Z3xPzKPOw.hlju8Jh2z0Qfcqbv2LXOTvz7hCMXP9KJtlnQRd2eRTk&dib_tag=se&qid=1760606668&s=vacuums&sr=1-35,2025-10-16,12:25:17.996106
35,"Fanttik Slim V10 APEX Cordless Car Vacuum, 4-in-1 Portable Mini Handheld Vac, 19kPa Suction Power, Upgraded Smart Digital Display, 2 Suction Modes for Small Jobs, Car, Office Desk, Keyboards (Black)",4.4,https://www.amazon.com/Fanttik-Slim-V10-Cordless-Keyboards/dp/B0DXVJ5Y39/ref=sr_1_37?dib=eyJ2IjoiMSJ9.8yoabsdJ8ZAOdPmB0HNWOGN3QWAuS92YOhAMXLN62UfKTxIUoBdmRZtpPq8YmwEwSFQYKGCC8rWyvK_3dASvbqSXq0tp6M1VZz_XxHBEbkcuqiFKpwmG8Zx9lwvscIQgcqtkkRwNhj1-hnG7VOkG9bVW_1UgwAYY-CoWf_XE75bbMBuamaTYMOV01XUKtA9eKPrj44sXnKdzK7hWaPKaWOvjjo3z7a8Gsa5csuTL_7G5XVxJMTnL7gxdoP4HybwwMRQWidaDBVYJfGe9yMzULLylhOdMJIO8W2Z3xPzKPOw.hlju8Jh2z0Qfcqbv2LXOTvz7hCMXP9KJtlnQRd2eRTk&dib_tag=se&qid=1760606668&s=vacuums&sr=1-37,2025-10-16,12:25:17.997104
36,"Shark HV371 Rocket Pro DLX Corded Stick, Removable Hand Vacuum, Advanced Swivel Steering, XL Cup, Crevice Tool, Upholstery Tool & Anti-Allergen Dust Brush, Fuchsia, Capacity",4.4,https://www.amazon.com/Shark-HV371-Removable-Upholstery-Anti-Allergen/dp/B09X624Y1C/ref=sr_1_38?dib=eyJ2IjoiMSJ9.8yoabsdJ8ZAOdPmB0HNWOGN3QWAuS92YOhAMXLN62UfKTxIUoBdmRZtpPq8YmwEwSFQYKGCC8rWyvK_3dASvbqSXq0tp6M1VZz_XxHBEbkcuqiFKpwmG8Zx9lwvscIQgcqtkkRwNhj1-hnG7VOkG9bVW_1UgwAYY-CoWf_XE75bbMBuamaTYMOV01XUKtA9eKPrj44sXnKdzK7hWaPKaWOvjjo3z7a8Gsa5csuTL_7G5XVxJMTnL7gxdoP4HybwwMRQWidaDBVYJfGe9yMzULLylhOdMJIO8W2Z3xPzKPOw.hlju8Jh2z0Qfcqbv2LXOTvz7hCMXP9KJtlnQRd2eRTk&dib_tag=se&qid=1760606668&s=vacuums&sr=1-38,2025-10-16,12:25:17.997104
37,"Kenmore 600 Series Pet Friendly Lightweight Bagged Canister Vacuum with Pet PowerMate, Pop-N-Go Brush, 2 Motors, HEPA Filter, Aluminum Telescoping Wand, Retractable Cord and 4 Cleaning Tools, Purple",4.1,https://www.amazon.com/Kenmore-Lightweight-PowerMate-Telescoping-Retractable/dp/B08JTVDQ2G/ref=sr_1_39?dib=eyJ2IjoiMSJ9.8yoabsdJ8ZAOdPmB0HNWOGN3QWAuS92YOhAMXLN62UfKTxIUoBdmRZtpPq8YmwEwSFQYKGCC8rWyvK_3dASvbqSXq0tp6M1VZz_XxHBEbkcuqiFKpwmG8Zx9lwvscIQgcqtkkRwNhj1-hnG7VOkG9bVW_1UgwAYY-CoWf_XE75bbMBuamaTYMOV01XUKtA9eKPrj44sXnKdzK7hWaPKaWOvjjo3z7a8Gsa5csuTL_7G5XVxJMTnL7gxdoP4HybwwMRQWidaDBVYJfGe9yMzULLylhOdMJIO8W2Z3xPzKPOw.hlju8Jh2z0Qfcqbv2LXOTvz7hCMXP9KJtlnQRd2eRTk&dib_tag=se&qid=1760606668&s=vacuums&sr=1-39,2025-10-16,12:25:17.998101
38,"Hoover Smartwash Automatic Carpet Cleaner Machine, FH52000, Turquoise",4.4,https://www.amazon.com/Hoover-Smartwash-Automatic-Cleaner-FH52000/dp/B07DTKXTXV/ref=sr_1_40?dib=eyJ2IjoiMSJ9.8yoabsdJ8ZAOdPmB0HNWOGN3QWAuS92YOhAMXLN62UfKTxIUoBdmRZtpPq8YmwEwSFQYKGCC8rWyvK_3dASvbqSXq0tp6M1VZz_XxHBEbkcuqiFKpwmG8Zx9lwvscIQgcqtkkRwNhj1-hnG7VOkG9bVW_1UgwAYY-CoWf_XE75bbMBuamaTYMOV01XUKtA9eKPrj44sXnKdzK7hWaPKaWOvjjo3z7a8Gsa5csuTL_7G5XVxJMTnL7gxdoP4HybwwMRQWidaDBVYJfGe9yMzULLylhOdMJIO8W2Z3xPzKPOw.hlju8Jh2z0Qfcqbv2LXOTvz7hCMXP9KJtlnQRd2eRTk&dib_tag=se&qid=1760606668&s=vacuums&sr=1-40,2025-10-16,12:25:18.000096
39,"Mova P10 Pro Ultra Robot Vacuum and Mop 13,000Pa Suction, 140°F Hot Water Auto Mop Washing & Drying, Dual Spinning Extenable Mop,10.5mm Lifting for Carpet, 360°Obstacle Avoidance, App Control",4.3,https://www.amazon.com/MOVA-P10-Pro-Ultra-360%C2%B0Obstacle/dp/B0DGR1VDTB/ref=sr_1_41?dib=eyJ2IjoiMSJ9.8yoabsdJ8ZAOdPmB0HNWOGN3QWAuS92YOhAMXLN62UfKTxIUoBdmRZtpPq8YmwEwSFQYKGCC8rWyvK_3dASvbqSXq0tp6M1VZz_XxHBEbkcuqiFKpwmG8Zx9lwvscIQgcqtkkRwNhj1-hnG7VOkG9bVW_1UgwAYY-CoWf_XE75bbMBuamaTYMOV01XUKtA9eKPrj44sXnKdzK7hWaPKaWOvjjo3z7a8Gsa5csuTL_7G5XVxJMTnL7gxdoP4HybwwMRQWidaDBVYJfGe9yMzULLylhOdMJIO8W2Z3xPzKPOw.hlju8Jh2z0Qfcqbv2LXOTvz7hCMXP9KJtlnQRd2eRTk&dib_tag=se&qid=1760606668&s=vacuums&sr=1-41,2025-10-16,12:25:18.001093
40,"BISSELL® Spinwave Cordless Pet Hard Floor Spin Mop Cleaner 18V with washable mop pads for sealed hard floors, 23157",4.3,https://www.amazon.com/Bissell-SpinWave-Cordless-Floor-23157/dp/B08J1DXCLB/ref=sr_1_42?dib=eyJ2IjoiMSJ9.8yoabsdJ8ZAOdPmB0HNWOGN3QWAuS92YOhAMXLN62UfKTxIUoBdmRZtpPq8YmwEwSFQYKGCC8rWyvK_3dASvbqSXq0tp6M1VZz_XxHBEbkcuqiFKpwmG8Zx9lwvscIQgcqtkkRwNhj1-hnG7VOkG9bVW_1UgwAYY-CoWf_XE75bbMBuamaTYMOV01XUKtA9eKPrj44sXnKdzK7hWaPKaWOvjjo3z7a8Gsa5csuTL_7G5XVxJMTnL7gxdoP4HybwwMRQWidaDBVYJfGe9yMzULLylhOdMJIO8W2Z3xPzKPOw.hlju8Jh2z0Qfcqbv2LXOTvz7hCMXP9KJtlnQRd2eRTk&dib_tag=se&qid=1760606668&s=vacuums&sr=1-42,2025-10-16,12:25:18.001093
41,"BISSELL Power Steamer Heavy Duty 3-in-1 Steam Mop and Handheld SteamShot for Indoor and Outdoor Use:Garage, Workshop, Auto, Boat, Recreational Vehicles; Windows,Outdoor Furniture and Decks,Black,2685A",4.2,https://www.amazon.com/Bissell-PowerSteamer-Handheld-Steamer-2685A/dp/B082YPRJV3/ref=sr_1_43?dib=eyJ2IjoiMSJ9.8yoabsdJ8ZAOdPmB0HNWOGN3QWAuS92YOhAMXLN62UfKTxIUoBdmRZtpPq8YmwEwSFQYKGCC8rWyvK_3dASvbqSXq0tp6M1VZz_XxHBEbkcuqiFKpwmG8Zx9lwvscIQgcqtkkRwNhj1-hnG7VOkG9bVW_1UgwAYY-CoWf_XE75bbMBuamaTYMOV01XUKtA9eKPrj44sXnKdzK7hWaPKaWOvjjo3z7a8Gsa5csuTL_7G5XVxJMTnL7gxdoP4HybwwMRQWidaDBVYJfGe9yMzULLylhOdMJIO8W2Z3xPzKPOw.hlju8Jh2z0Qfcqbv2LXOTvz7hCMXP9KJtlnQRd2eRTk&dib_tag=se&qid=1760606668&s=vacuums&sr=1-43,2025-10-16,12:25:18.002091
42,"Shark WV201 WANDVAC Handheld Vacuum, Lightweight at 1.4 Pounds with Powerful Suction, Charging Dock, Single Touch Empty and Detachable Dust Cup,Graphite, Slate",4.1,https://www.amazon.com/Handheld-Lightweight-Powerful-Detachable-WV201/dp/B07FX5K4D6/ref=sr_1_44?dib=eyJ2IjoiMSJ9.8yoabsdJ8ZAOdPmB0HNWOGN3QWAuS92YOhAMXLN62UfKTxIUoBdmRZtpPq8YmwEwSFQYKGCC8rWyvK_3dASvbqSXq0tp6M1VZz_XxHBEbkcuqiFKpwmG8Zx9lwvscIQgcqtkkRwNhj1-hnG7VOkG9bVW_1UgwAYY-CoWf_XE75bbMBuamaTYMOV01XUKtA9eKPrj44sXnKdzK7hWaPKaWOvjjo3z7a8Gsa5csuTL_7G5XVxJMTnL7gxdoP4HybwwMRQWidaDBVYJfGe9yMzULLylhOdMJIO8W2Z3xPzKPOw.hlju8Jh2z0Qfcqbv2LXOTvz7hCMXP9KJtlnQRd2eRTk&dib_tag=se&qid=1760606668&s=vacuums&sr=1-44,2025-10-16,12:25:18.004084
43,Kirby Vacuum Belt 3-Pack | Genuine OEM Replacement Part #301291G | Compatible with All Kirby Upright Vacuum Models,4.8,https://www.amazon.com/Kirby-Genuine-Ribbed-Vacuum-Cleaner/dp/B008MNW5P0/ref=sr_1_45?dib=eyJ2IjoiMSJ9.8yoabsdJ8ZAOdPmB0HNWOGN3QWAuS92YOhAMXLN62UfKTxIUoBdmRZtpPq8YmwEwSFQYKGCC8rWyvK_3dASvbqSXq0tp6M1VZz_XxHBEbkcuqiFKpwmG8Zx9lwvscIQgcqtkkRwNhj1-hnG7VOkG9bVW_1UgwAYY-CoWf_XE75bbMBuamaTYMOV01XUKtA9eKPrj44sXnKdzK7hWaPKaWOvjjo3z7a8Gsa5csuTL_7G5XVxJMTnL7gxdoP4HybwwMRQWidaDBVYJfGe9yMzULLylhOdMJIO8W2Z3xPzKPOw.hlju8Jh2z0Qfcqbv2LXOTvz7hCMXP9KJtlnQRd2eRTk&dib_tag=se&qid=1760606668&s=vacuums&sr=1-45,2025-10-16,12:25:18.005083
44,"Shark AV2501AE AI Robot Vacuum with XL HEPA Self-Empty Base, Bagless, 60-Day Capacity, LIDAR Navigation, Perfect for Pet Hair, Compatible with Alexa, Wi-Fi Connected, Carpet & Hard Floor, Black",3.9,https://www.amazon.com/Shark-Mapping-Capacity-Bagless-AV2501AE/dp/B08QZVSC8D/ref=sr_1_46?dib=eyJ2IjoiMSJ9.8yoabsdJ8ZAOdPmB0HNWOGN3QWAuS92YOhAMXLN62UfKTxIUoBdmRZtpPq8YmwEwSFQYKGCC8rWyvK_3dASvbqSXq0tp6M1VZz_XxHBEbkcuqiFKpwmG8Zx9lwvscIQgcqtkkRwNhj1-hnG7VOkG9bVW_1UgwAYY-CoWf_XE75bbMBuamaTYMOV01XUKtA9eKPrj44sXnKdzK7hWaPKaWOvjjo3z7a8Gsa5csuTL_7G5XVxJMTnL7gxdoP4HybwwMRQWidaDBVYJfGe9yMzULLylhOdMJIO8W2Z3xPzKPOw.hlju8Jh2z0Qfcqbv2LXOTvz7hCMXP9KJtlnQRd2eRTk&dib_tag=se&qid=1760606668&s=vacuums&sr=1-46,2025-10-16,12:25:18.005083
45,"Oreck Commercial XL Vacuum Cleaner Bags, Pack of 9, Single-Wall Filtration, Disposable, Fights Odors, Oreck Vacuum Cleaner Bags for Use in Upright Vacuums",4.7,https://www.amazon.com/Oreck-Commercial-Single-Wall-Filtration-Disposable/dp/B0009GW1GG/ref=sr_1_47?dib=eyJ2IjoiMSJ9.8yoabsdJ8ZAOdPmB0HNWOGN3QWAuS92YOhAMXLN62UfKTxIUoBdmRZtpPq8YmwEwSFQYKGCC8rWyvK_3dASvbqSXq0tp6M1VZz_XxHBEbkcuqiFKpwmG8Zx9lwvscIQgcqtkkRwNhj1-hnG7VOkG9bVW_1UgwAYY-CoWf_XE75bbMBuamaTYMOV01XUKtA9eKPrj44sXnKdzK7hWaPKaWOvjjo3z7a8Gsa5csuTL_7G5XVxJMTnL7gxdoP4HybwwMRQWidaDBVYJfGe9yMzULLylhOdMJIO8W2Z3xPzKPOw.hlju8Jh2z0Qfcqbv2LXOTvz7hCMXP9KJtlnQRd2eRTk&dib_tag=se&qid=1760606668&s=vacuums&sr=1-47,2025-10-16,12:25:18.006080
46,"Shark AV753 ION Robot Vacuum, Tri-Brush System, Wifi Connected, 120 Min Runtime, Works with Alexa, Multi Surface Cleaning, Grey",4.1,https://www.amazon.com/Shark-AV753-Connected-Runtime-Cleaning/dp/B08C6XGP4F/ref=sr_1_48?dib=eyJ2IjoiMSJ9.8yoabsdJ8ZAOdPmB0HNWOGN3QWAuS92YOhAMXLN62UfKTxIUoBdmRZtpPq8YmwEwSFQYKGCC8rWyvK_3dASvbqSXq0tp6M1VZz_XxHBEbkcuqiFKpwmG8Zx9lwvscIQgcqtkkRwNhj1-hnG7VOkG9bVW_1UgwAYY-CoWf_XE75bbMBuamaTYMOV01XUKtA9eKPrj44sXnKdzK7hWaPKaWOvjjo3z7a8Gsa5csuTL_7G5XVxJMTnL7gxdoP4HybwwMRQWidaDBVYJfGe9yMzULLylhOdMJIO8W2Z3xPzKPOw.hlju8Jh2z0Qfcqbv2LXOTvz7hCMXP9KJtlnQRd2eRTk&dib_tag=se&qid=1760606668&s=vacuums&sr=1-48,2025-10-16,12:25:18.007077
47,"Shark CarpetXpert with StainStriker Upright Carpet, Area Rug & Upholstery Cleaner with Pet Mess Extractor Tool, Perfect for Pets, Carpet Shampooer, 3 Cleaning Tools, Cleaning Solutions, White, EX201",4.5,https://www.amazon.com/Shark-EX201-CarpetXpert-Upholstery-StainStriker/dp/B0CBNHP6HY/ref=sr_1_49?dib=eyJ2IjoiMSJ9.H-6unRiZz14PdCI3i3G1atq4oPxFJIUt8xb37FM2FEBZGjQTmWfCiyNxBDo7d7jfIIz_vvkojzCZs65g2HMfMzh5AjonLJikvCbaFQHGircKLr4927WLMD4049IRrvBUnN5GEMkfJXXEy7-rRntgIT8_2Amd9yuA_n8Oo-UluhgQOQmPwoMG7n3P82qQUog7bg8J9Bq7auXK2DZEvSiVjme_PizPu7rKx1K4xLPADma5zYCsujjFm1WR1z9u2f1Iou_5ODIMRXuybn4ailUPipv34DWWiH-kOkGoIYJ2CXE.9BRBns0XenzyD3szHIPB9o36VzBK2_Y1mKqJQJt7n2E&dib_tag=se&qid=1760606730&s=vacuums&sr=1-49,2025-10-16,12:25:53.826168
48,"BLACK+DECKER dustbuster Handheld Vacuum, 8V Cordless, Hand Vacuum for Quick Cleanup with Crevice Tool and Washable Filter (HNVC220BCZ01)",4.3,https://www.amazon.com/Black-Decker-HNVC220BCZ01-Hand-Vacuum/dp/B07KFYF8GQ/ref=sr_1_50?dib=eyJ2IjoiMSJ9.H-6unRiZz14PdCI3i3G1atq4oPxFJIUt8xb37FM2FEBZGjQTmWfCiyNxBDo7d7jfIIz_vvkojzCZs65g2HMfMzh5AjonLJikvCbaFQHGircKLr4927WLMD4049IRrvBUnN5GEMkfJXXEy7-rRntgIT8_2Amd9yuA_n8Oo-UluhgQOQmPwoMG7n3P82qQUog7bg8J9Bq7auXK2DZEvSiVjme_PizPu7rKx1K4xLPADma5zYCsujjFm1WR1z9u2f1Iou_5ODIMRXuybn4ailUPipv34DWWiH-kOkGoIYJ2CXE.9BRBns0XenzyD3szHIPB9o36VzBK2_Y1mKqJQJt7n2E&dib_tag=se&qid=1760606730&s=vacuums&sr=1-50,2025-10-16,12:25:53.827165
49,"Vacmaster Corded Stick Vacuum Cleaner 2 in 1 Ultra-Lightweight 14Kpa Power Suction Handheld Vacuum Cleaner with Washable HEPA Filter for Home, Car, Pet Hair, Carpet, Hard Floor",4.1,https://www.amazon.com/Vacmaster-Cleaner-Ultra-Lightweight-Handheld-Washable/dp/B08CF34DJV/ref=sr_1_51?dib=eyJ2IjoiMSJ9.H-6unRiZz14PdCI3i3G1atq4oPxFJIUt8xb37FM2FEBZGjQTmWfCiyNxBDo7d7jfIIz_vvkojzCZs65g2HMfMzh5AjonLJikvCbaFQHGircKLr4927WLMD4049IRrvBUnN5GEMkfJXXEy7-rRntgIT8_2Amd9yuA_n8Oo-UluhgQOQmPwoMG7n3P82qQUog7bg8J9Bq7auXK2DZEvSiVjme_PizPu7rKx1K4xLPADma5zYCsujjFm1WR1z9u2f1Iou_5ODIMRXuybn4ailUPipv34DWWiH-kOkGoIYJ2CXE.9BRBns0XenzyD3szHIPB9o36VzBK2_Y1mKqJQJt7n2E&dib_tag=se&qid=1760606730&s=vacuums&sr=1-51,2025-10-16,12:25:53.828162
50,"BISSELL Revolution HydroSteam Pet Carpet Cleaner, Upright Deep Cleaner, HydroSteam Technology, 2-in-1 Pet Upholstery Tool & Formulas Included, 3432",4.2,https://www.amazon.com/BISSELL-Revolution-HydroSteam-Cleaner-3432/dp/B0BP8GCN87/ref=sr_1_52?dib=eyJ2IjoiMSJ9.H-6unRiZz14PdCI3i3G1atq4oPxFJIUt8xb37FM2FEBZGjQTmWfCiyNxBDo7d7jfIIz_vvkojzCZs65g2HMfMzh5AjonLJikvCbaFQHGircKLr4927WLMD4049IRrvBUnN5GEMkfJXXEy7-rRntgIT8_2Amd9yuA_n8Oo-UluhgQOQmPwoMG7n3P82qQUog7bg8J9Bq7auXK2DZEvSiVjme_PizPu7rKx1K4xLPADma5zYCsujjFm1WR1z9u2f1Iou_5ODIMRXuybn4ailUPipv34DWWiH-kOkGoIYJ2CXE.9BRBns0XenzyD3szHIPB9o36VzBK2_Y1mKqJQJt7n2E&dib_tag=se&qid=1760606730&s=vacuums&sr=1-52,2025-10-16,12:25:53.829159
51,"Shark Steam Pickup Lightweight 3-in-1 Steam Mop Cleaner Picks Up Debris, Deep Scrubs & Steam Sanitizes - All At Once for Home with Sealed Hard Floors like Hardwood, Tile & Laminate, SD201",4.4,https://www.amazon.com/Shark-Pickup-Debris-Scrubs-Sanitizes/dp/B0DBR82BMX/ref=sr_1_53?dib=eyJ2IjoiMSJ9.H-6unRiZz14PdCI3i3G1atq4oPxFJIUt8xb37FM2FEBZGjQTmWfCiyNxBDo7d7jfIIz_vvkojzCZs65g2HMfMzh5AjonLJikvCbaFQHGircKLr4927WLMD4049IRrvBUnN5GEMkfJXXEy7-rRntgIT8_2Amd9yuA_n8Oo-UluhgQOQmPwoMG7n3P82qQUog7bg8J9Bq7auXK2DZEvSiVjme_PizPu7rKx1K4xLPADma5zYCsujjFm1WR1z9u2f1Iou_5ODIMRXuybn4ailUPipv34DWWiH-kOkGoIYJ2CXE.9BRBns0XenzyD3szHIPB9o36VzBK2_Y1mKqJQJt7n2E&dib_tag=se&qid=1760606730&s=vacuums&sr=1-53,2025-10-16,12:25:53.830157
52,"iRobot Roomba Max 705 Vac Robot Vacuum + AutoEmpty Dock - Extreme Power-Lifting Suction, Anti-Tangle Dual Rubber Brushes, Self-Empties, Recognizes and Avoids Obstacles, LiDAR Navigation",4.1,https://www.amazon.com/iRobot-Roomba-Robot-Vacuum-AutoEmpty/dp/B0DWG3C3ZF/ref=sr_1_54?dib=eyJ2IjoiMSJ9.H-6unRiZz14PdCI3i3G1atq4oPxFJIUt8xb37FM2FEBZGjQTmWfCiyNxBDo7d7jfIIz_vvkojzCZs65g2HMfMzh5AjonLJikvCbaFQHGircKLr4927WLMD4049IRrvBUnN5GEMkfJXXEy7-rRntgIT8_2Amd9yuA_n8Oo-UluhgQOQmPwoMG7n3P82qQUog7bg8J9Bq7auXK2DZEvSiVjme_PizPu7rKx1K4xLPADma5zYCsujjFm1WR1z9u2f1Iou_5ODIMRXuybn4ailUPipv34DWWiH-kOkGoIYJ2CXE.9BRBns0XenzyD3szHIPB9o36VzBK2_Y1mKqJQJt7n2E&dib_tag=se&qid=1760606730&s=vacuums&sr=1-54,2025-10-16,12:25:53.830157
53,"BISSELL CleanView Upright Bagless Vacuum Cleaner with Active Wand, 3536",4.5,https://www.amazon.com/BISSELL-CleanView-Vacuum-Cleaner-Cobalt/dp/B0B1RVNNN7/ref=sr_1_55?dib=eyJ2IjoiMSJ9.H-6unRiZz14PdCI3i3G1atq4oPxFJIUt8xb37FM2FEBZGjQTmWfCiyNxBDo7d7jfIIz_vvkojzCZs65g2HMfMzh5AjonLJikvCbaFQHGircKLr4927WLMD4049IRrvBUnN5GEMkfJXXEy7-rRntgIT8_2Amd9yuA_n8Oo-UluhgQOQmPwoMG7n3P82qQUog7bg8J9Bq7auXK2DZEvSiVjme_PizPu7rKx1K4xLPADma5zYCsujjFm1WR1z9u2f1Iou_5ODIMRXuybn4ailUPipv34DWWiH-kOkGoIYJ2CXE.9BRBns0XenzyD3szHIPB9o36VzBK2_Y1mKqJQJt7n2E&dib_tag=se&qid=1760606730&s=vacuums&sr=1-55,2025-10-16,12:25:53.831154
54,"Wagner Spraytech 0282014 915e On-Demand Steam Cleaner & Wallpaper Removal, Multipurpose Power Steamer, 18 Attachments Included (Some Pieces Included in Storage Compartment) For Floor",4.3,https://www.amazon.com/Wagner-Spraytech-0282014-Demand-Cleaner/dp/B003PGQI3Y/ref=sr_1_56?dib=eyJ2IjoiMSJ9.H-6unRiZz14PdCI3i3G1atq4oPxFJIUt8xb37FM2FEBZGjQTmWfCiyNxBDo7d7jfIIz_vvkojzCZs65g2HMfMzh5AjonLJikvCbaFQHGircKLr4927WLMD4049IRrvBUnN5GEMkfJXXEy7-rRntgIT8_2Amd9yuA_n8Oo-UluhgQOQmPwoMG7n3P82qQUog7bg8J9Bq7auXK2DZEvSiVjme_PizPu7rKx1K4xLPADma5zYCsujjFm1WR1z9u2f1Iou_5ODIMRXuybn4ailUPipv34DWWiH-kOkGoIYJ2CXE.9BRBns0XenzyD3szHIPB9o36VzBK2_Y1mKqJQJt7n2E&dib_tag=se&qid=1760606730&s=vacuums&sr=1-56,2025-10-16,12:25:53.832151
55,"Bissell Steam Mop, Steamer, Tile, Hard Wood Floor Cleaner, 1806, Sapphire Powerfresh Deluxe",4.3,https://www.amazon.com/Bissell-Powerfresh-Steamer-Cleaner-Sapphire/dp/B01G7CE334/ref=sr_1_57?dib=eyJ2IjoiMSJ9.H-6unRiZz14PdCI3i3G1atq4oPxFJIUt8xb37FM2FEBZGjQTmWfCiyNxBDo7d7jfIIz_vvkojzCZs65g2HMfMzh5AjonLJikvCbaFQHGircKLr4927WLMD4049IRrvBUnN5GEMkfJXXEy7-rRntgIT8_2Amd9yuA_n8Oo-UluhgQOQmPwoMG7n3P82qQUog7bg8J9Bq7auXK2DZEvSiVjme_PizPu7rKx1K4xLPADma5zYCsujjFm1WR1z9u2f1Iou_5ODIMRXuybn4ailUPipv34DWWiH-kOkGoIYJ2CXE.9BRBns0XenzyD3szHIPB9o36VzBK2_Y1mKqJQJt7n2E&dib_tag=se&qid=1760606730&s=vacuums&sr=1-57,2025-10-16,12:25:53.833149
56,"Kenmore Intuition Bagged Upright Vacuum Lift-Up Carpet Cleaner 2-Motor Power Suction with HEPA Filter, 3-in-1 Combination Tool, HandiMate for Floor, Pet Hair, 14pounds, Green",4.2,https://www.amazon.com/Kenmore-Intuition-Lift-Away-Combination-HandiMate/dp/B08CXPQXL5/ref=sr_1_58?dib=eyJ2IjoiMSJ9.H-6unRiZz14PdCI3i3G1atq4oPxFJIUt8xb37FM2FEBZGjQTmWfCiyNxBDo7d7jfIIz_vvkojzCZs65g2HMfMzh5AjonLJikvCbaFQHGircKLr4927WLMD4049IRrvBUnN5GEMkfJXXEy7-rRntgIT8_2Amd9yuA_n8Oo-UluhgQOQmPwoMG7n3P82qQUog7bg8J9Bq7auXK2DZEvSiVjme_PizPu7rKx1K4xLPADma5zYCsujjFm1WR1z9u2f1Iou_5ODIMRXuybn4ailUPipv34DWWiH-kOkGoIYJ2CXE.9BRBns0XenzyD3szHIPB9o36VzBK2_Y1mKqJQJt7n2E&dib_tag=se&qid=1760606730&s=vacuums&sr=1-58,2025-10-16,12:25:53.833149
57,Dyson 448182-02 V15 Detect SV47 (Renewed),4.1,https://www.amazon.com/Dyson-448182-02-V15-Detect-SV47/dp/B0DF3S25ND/ref=sr_1_59?dib=eyJ2IjoiMSJ9.H-6unRiZz14PdCI3i3G1atq4oPxFJIUt8xb37FM2FEBZGjQTmWfCiyNxBDo7d7jfIIz_vvkojzCZs65g2HMfMzh5AjonLJikvCbaFQHGircKLr4927WLMD4049IRrvBUnN5GEMkfJXXEy7-rRntgIT8_2Amd9yuA_n8Oo-UluhgQOQmPwoMG7n3P82qQUog7bg8J9Bq7auXK2DZEvSiVjme_PizPu7rKx1K4xLPADma5zYCsujjFm1WR1z9u2f1Iou_5ODIMRXuybn4ailUPipv34DWWiH-kOkGoIYJ2CXE.9BRBns0XenzyD3szHIPB9o36VzBK2_Y1mKqJQJt7n2E&dib_tag=se&qid=1760606730&s=vacuums&sr=1-59,2025-10-16,12:25:53.834147
58,"BLACK+DECKER Dustbuster Handheld Vacuum, Cordless, AdvancedClean+, White (HHVK320J10)",4.3,https://www.amazon.com/BLACK-DECKER-dustbuster-AdvancedClean-HHVK320J10/dp/B07R9GP85M/ref=sr_1_60?dib=eyJ2IjoiMSJ9.H-6unRiZz14PdCI3i3G1atq4oPxFJIUt8xb37FM2FEBZGjQTmWfCiyNxBDo7d7jfIIz_vvkojzCZs65g2HMfMzh5AjonLJikvCbaFQHGircKLr4927WLMD4049IRrvBUnN5GEMkfJXXEy7-rRntgIT8_2Amd9yuA_n8Oo-UluhgQOQmPwoMG7n3P82qQUog7bg8J9Bq7auXK2DZEvSiVjme_PizPu7rKx1K4xLPADma5zYCsujjFm1WR1z9u2f1Iou_5ODIMRXuybn4ailUPipv34DWWiH-kOkGoIYJ2CXE.9BRBns0XenzyD3szHIPB9o36VzBK2_Y1mKqJQJt7n2E&dib_tag=se&qid=1760606730&s=vacuums&sr=1-60,2025-10-16,12:25:53.835144
59,"Shark HV343AMZ Rocket Corded Stick Vacuum with Self-Cleaning Brushroll, Lightweight & Maneuverable, Perfect for Pet Hair Pickup, Converts to a Hand Vacuum, Crevice Upholstery Tools, Blue/Silver",4.4,https://www.amazon.com/Shark-HV343AMZ-Self-Cleaning-Lightweight-Upholstery/dp/B08QW6RBBX/ref=sr_1_61?dib=eyJ2IjoiMSJ9.H-6unRiZz14PdCI3i3G1atq4oPxFJIUt8xb37FM2FEBZGjQTmWfCiyNxBDo7d7jfIIz_vvkojzCZs65g2HMfMzh5AjonLJikvCbaFQHGircKLr4927WLMD4049IRrvBUnN5GEMkfJXXEy7-rRntgIT8_2Amd9yuA_n8Oo-UluhgQOQmPwoMG7n3P82qQUog7bg8J9Bq7auXK2DZEvSiVjme_PizPu7rKx1K4xLPADma5zYCsujjFm1WR1z9u2f1Iou_5ODIMRXuybn4ailUPipv34DWWiH-kOkGoIYJ2CXE.9BRBns0XenzyD3szHIPB9o36VzBK2_Y1mKqJQJt7n2E&dib_tag=se&qid=1760606730&s=vacuums&sr=1-61,2025-10-16,12:25:53.836141
60,"Kenmore BU4050 Intuition Bagged Upright Vacuum, liftup Cleaner with Hair Eliminator brushroll, pet Handi-Mate for Carpet, Hard Floor, Rose Gold",4.3,https://www.amazon.com/Kenmore-BU4050-Intuition-Eliminator-Handi-Mate/dp/B09FJF627G/ref=sr_1_62?dib=eyJ2IjoiMSJ9.H-6unRiZz14PdCI3i3G1atq4oPxFJIUt8xb37FM2FEBZGjQTmWfCiyNxBDo7d7jfIIz_vvkojzCZs65g2HMfMzh5AjonLJikvCbaFQHGircKLr4927WLMD4049IRrvBUnN5GEMkfJXXEy7-rRntgIT8_2Amd9yuA_n8Oo-UluhgQOQmPwoMG7n3P82qQUog7bg8J9Bq7auXK2DZEvSiVjme_PizPu7rKx1K4xLPADma5zYCsujjFm1WR1z9u2f1Iou_5ODIMRXuybn4ailUPipv34DWWiH-kOkGoIYJ2CXE.9BRBns0XenzyD3szHIPB9o36VzBK2_Y1mKqJQJt7n2E&dib_tag=se&qid=1760606730&s=vacuums&sr=1-62,2025-10-16,12:25:53.836141
61,"PowerSmith PAVC101 10 Amp Ash Vacuum,Green / Black",4.4,https://www.amazon.com/PowerSmith-PAVC101-Amp-Ash-Vacuum/dp/B0060EUA32/ref=sr_1_63?dib=eyJ2IjoiMSJ9.H-6unRiZz14PdCI3i3G1atq4oPxFJIUt8xb37FM2FEBZGjQTmWfCiyNxBDo7d7jfIIz_vvkojzCZs65g2HMfMzh5AjonLJikvCbaFQHGircKLr4927WLMD4049IRrvBUnN5GEMkfJXXEy7-rRntgIT8_2Amd9yuA_n8Oo-UluhgQOQmPwoMG7n3P82qQUog7bg8J9Bq7auXK2DZEvSiVjme_PizPu7rKx1K4xLPADma5zYCsujjFm1WR1z9u2f1Iou_5ODIMRXuybn4ailUPipv34DWWiH-kOkGoIYJ2CXE.9BRBns0XenzyD3szHIPB9o36VzBK2_Y1mKqJQJt7n2E&dib_tag=se&qid=1760606730&s=vacuums&sr=1-63,2025-10-16,12:25:53.837138
62,"Bissell, 3061 Featherweight Cordless Stick Vacuum, Self-Standing, Electric Blue, Black",4.1,https://www.amazon.com/BISSELL-3061-Featherweight-Cordless-Vacuum/dp/B08LHK3RQB/ref=sr_1_64?dib=eyJ2IjoiMSJ9.H-6unRiZz14PdCI3i3G1atq4oPxFJIUt8xb37FM2FEBZGjQTmWfCiyNxBDo7d7jfIIz_vvkojzCZs65g2HMfMzh5AjonLJikvCbaFQHGircKLr4927WLMD4049IRrvBUnN5GEMkfJXXEy7-rRntgIT8_2Amd9yuA_n8Oo-UluhgQOQmPwoMG7n3P82qQUog7bg8J9Bq7auXK2DZEvSiVjme_PizPu7rKx1K4xLPADma5zYCsujjFm1WR1z9u2f1Iou_5ODIMRXuybn4ailUPipv34DWWiH-kOkGoIYJ2CXE.9BRBns0XenzyD3szHIPB9o36VzBK2_Y1mKqJQJt7n2E&dib_tag=se&qid=1760606730&s=vacuums&sr=1-64,2025-10-16,12:25:53.838136
63,"BLACK+DECKER dustbuster Handheld Vacuum, Cordless Car Vacuum Portable 12V, with Rotating and Extendable Nozzle (HHVI320JR02)",4.3,https://www.amazon.com/BLACK-DECKER-HHVI320JR02-dustbuster-Cordless/dp/B01DAI5CF6/ref=sr_1_65?dib=eyJ2IjoiMSJ9.H-6unRiZz14PdCI3i3G1atq4oPxFJIUt8xb37FM2FEBZGjQTmWfCiyNxBDo7d7jfIIz_vvkojzCZs65g2HMfMzh5AjonLJikvCbaFQHGircKLr4927WLMD4049IRrvBUnN5GEMkfJXXEy7-rRntgIT8_2Amd9yuA_n8Oo-UluhgQOQmPwoMG7n3P82qQUog7bg8J9Bq7auXK2DZEvSiVjme_PizPu7rKx1K4xLPADma5zYCsujjFm1WR1z9u2f1Iou_5ODIMRXuybn4ailUPipv34DWWiH-kOkGoIYJ2CXE.9BRBns0XenzyD3szHIPB9o36VzBK2_Y1mKqJQJt7n2E&dib_tag=se&qid=1760606730&s=vacuums&sr=1-65,2025-10-16,12:25:53.839133
64,"Bissell SpotClean Pet Pro Portable Carpet Cleaner, 2458",4.5,https://www.amazon.com/BISSELL-SpotClean-Portable-Cleaner-2458/dp/B07D46SQ63/ref=sr_1_66?dib=eyJ2IjoiMSJ9.H-6unRiZz14PdCI3i3G1atq4oPxFJIUt8xb37FM2FEBZGjQTmWfCiyNxBDo7d7jfIIz_vvkojzCZs65g2HMfMzh5AjonLJikvCbaFQHGircKLr4927WLMD4049IRrvBUnN5GEMkfJXXEy7-rRntgIT8_2Amd9yuA_n8Oo-UluhgQOQmPwoMG7n3P82qQUog7bg8J9Bq7auXK2DZEvSiVjme_PizPu7rKx1K4xLPADma5zYCsujjFm1WR1z9u2f1Iou_5ODIMRXuybn4ailUPipv34DWWiH-kOkGoIYJ2CXE.9BRBns0XenzyD3szHIPB9o36VzBK2_Y1mKqJQJt7n2E&dib_tag=se&qid=1760606730&s=vacuums&sr=1-66,2025-10-16,12:25:53.839133
65,"BISSELL 2254 CleanView Swivel Rewind Pet Upright Bagless Vacuum, Automatic Cord Rewind, Swivel Steering, Powerful Pet Hair Pickup, Specialized Pet Tools, Large Capacity Dirt Tank, Teal",4.5,https://www.amazon.com/2254-CleanView-Automatic-Steering-Specialized/dp/B07F6MXJ9X/ref=sr_1_67?dib=eyJ2IjoiMSJ9.H-6unRiZz14PdCI3i3G1atq4oPxFJIUt8xb37FM2FEBZGjQTmWfCiyNxBDo7d7jfIIz_vvkojzCZs65g2HMfMzh5AjonLJikvCbaFQHGircKLr4927WLMD4049IRrvBUnN5GEMkfJXXEy7-rRntgIT8_2Amd9yuA_n8Oo-UluhgQOQmPwoMG7n3P82qQUog7bg8J9Bq7auXK2DZEvSiVjme_PizPu7rKx1K4xLPADma5zYCsujjFm1WR1z9u2f1Iou_5ODIMRXuybn4ailUPipv34DWWiH-kOkGoIYJ2CXE.9BRBns0XenzyD3szHIPB9o36VzBK2_Y1mKqJQJt7n2E&dib_tag=se&qid=1760606730&s=vacuums&sr=1-67,2025-10-16,12:25:53.840130
66,"Eureka Powerful Upright Vacuum Cleaner for Home Pet Hair, Lightweight Household Upright Vacuum for Carpet and Hard Floor, MaxSwivel Pro NEU350 with Pet Tool, Yellow",4.2,https://www.amazon.com/EUREKA-MaxSwivel-Upright-Cleaner-Steering/dp/B0BLTQK9KP/ref=sr_1_68?dib=eyJ2IjoiMSJ9.H-6unRiZz14PdCI3i3G1atq4oPxFJIUt8xb37FM2FEBZGjQTmWfCiyNxBDo7d7jfIIz_vvkojzCZs65g2HMfMzh5AjonLJikvCbaFQHGircKLr4927WLMD4049IRrvBUnN5GEMkfJXXEy7-rRntgIT8_2Amd9yuA_n8Oo-UluhgQOQmPwoMG7n3P82qQUog7bg8J9Bq7auXK2DZEvSiVjme_PizPu7rKx1K4xLPADma5zYCsujjFm1WR1z9u2f1Iou_5ODIMRXuybn4ailUPipv34DWWiH-kOkGoIYJ2CXE.9BRBns0XenzyD3szHIPB9o36VzBK2_Y1mKqJQJt7n2E&dib_tag=se&qid=1760606730&s=vacuums&sr=1-68,2025-10-16,12:25:53.841128
67,"Bissell Pet Hair Eraser Cordless Hand Vacuum, Home, Auto, and Pet Vacuum, Crevice Tool, Upholstery Tool, and Motorized Brush Included, 1782",4.3,https://www.amazon.com/Bissell-1782-Eraser-Cordless-Vacuum/dp/B01E0472TI/ref=sr_1_69?dib=eyJ2IjoiMSJ9.H-6unRiZz14PdCI3i3G1atq4oPxFJIUt8xb37FM2FEBZGjQTmWfCiyNxBDo7d7jfIIz_vvkojzCZs65g2HMfMzh5AjonLJikvCbaFQHGircKLr4927WLMD4049IRrvBUnN5GEMkfJXXEy7-rRntgIT8_2Amd9yuA_n8Oo-UluhgQOQmPwoMG7n3P82qQUog7bg8J9Bq7auXK2DZEvSiVjme_PizPu7rKx1K4xLPADma5zYCsujjFm1WR1z9u2f1Iou_5ODIMRXuybn4ailUPipv34DWWiH-kOkGoIYJ2CXE.9BRBns0XenzyD3szHIPB9o36VzBK2_Y1mKqJQJt7n2E&dib_tag=se&qid=1760606730&s=vacuums&sr=1-69,2025-10-16,12:25:53.842125
68,"Kenmore DS1030 Cordless Stick Vacuum Lightweight Cleaner 2-Speed Power Suction LED Headlight 2-in-1 Handheld for Hardwood Floor, Carpet & Pet Hair, White",4.1,https://www.amazon.com/Kenmore-DS1030-Cordless-Lightweight-Headlight/dp/B09QYB17J2/ref=sr_1_70?dib=eyJ2IjoiMSJ9.H-6unRiZz14PdCI3i3G1atq4oPxFJIUt8xb37FM2FEBZGjQTmWfCiyNxBDo7d7jfIIz_vvkojzCZs65g2HMfMzh5AjonLJikvCbaFQHGircKLr4927WLMD4049IRrvBUnN5GEMkfJXXEy7-rRntgIT8_2Amd9yuA_n8Oo-UluhgQOQmPwoMG7n3P82qQUog7bg8J9Bq7auXK2DZEvSiVjme_PizPu7rKx1K4xLPADma5zYCsujjFm1WR1z9u2f1Iou_5ODIMRXuybn4ailUPipv34DWWiH-kOkGoIYJ2CXE.9BRBns0XenzyD3szHIPB9o36VzBK2_Y1mKqJQJt7n2E&dib_tag=se&qid=1760606730&s=vacuums&sr=1-70,2025-10-16,12:25:53.842125
69,"BLACK+DECKER Steam Mop, White (HSM13E1)",4.1,https://www.amazon.com/BLACK-DECKER-HSM13E1-Steam-White/dp/B0872G6XX2/ref=sr_1_71?dib=eyJ2IjoiMSJ9.H-6unRiZz14PdCI3i3G1atq4oPxFJIUt8xb37FM2FEBZGjQTmWfCiyNxBDo7d7jfIIz_vvkojzCZs65g2HMfMzh5AjonLJikvCbaFQHGircKLr4927WLMD4049IRrvBUnN5GEMkfJXXEy7-rRntgIT8_2Amd9yuA_n8Oo-UluhgQOQmPwoMG7n3P82qQUog7bg8J9Bq7auXK2DZEvSiVjme_PizPu7rKx1K4xLPADma5zYCsujjFm1WR1z9u2f1Iou_5ODIMRXuybn4ailUPipv34DWWiH-kOkGoIYJ2CXE.9BRBns0XenzyD3szHIPB9o36VzBK2_Y1mKqJQJt7n2E&dib_tag=se&qid=1760606730&s=vacuums&sr=1-71,2025-10-16,12:25:53.843122
70,"Dirt Devil Portable Spot Cleaner Machine for Carpet and Upholstery, Powerful Suction Spot Cleaning Machine with Versatile Tools, Pair with Dirt Devil Portable Spot Cleaner Solution",4.4,https://www.amazon.com/Dirt-Devil-Portable-Upholstery-FD13000/dp/B0BZDT4LSX/ref=sr_1_72?dib=eyJ2IjoiMSJ9.H-6unRiZz14PdCI3i3G1atq4oPxFJIUt8xb37FM2FEBZGjQTmWfCiyNxBDo7d7jfIIz_vvkojzCZs65g2HMfMzh5AjonLJikvCbaFQHGircKLr4927WLMD4049IRrvBUnN5GEMkfJXXEy7-rRntgIT8_2Amd9yuA_n8Oo-UluhgQOQmPwoMG7n3P82qQUog7bg8J9Bq7auXK2DZEvSiVjme_PizPu7rKx1K4xLPADma5zYCsujjFm1WR1z9u2f1Iou_5ODIMRXuybn4ailUPipv34DWWiH-kOkGoIYJ2CXE.9BRBns0XenzyD3szHIPB9o36VzBK2_Y1mKqJQJt7n2E&dib_tag=se&qid=1760606730&s=vacuums&sr=1-72,2025-10-16,12:25:53.844120
